{
  "params": {
    "speed": 1.3140186408695607,
    "persistence": 0.6332960311242453,
    "branch_prob": 0.028778623343178558,
    "branch_angle_mean_deg": 58.67262497627991,
    "branch_angle_std_deg": 23.232660241146952,
    "prune_prob": 0.012880164327443717
  },
  "features": {
    "total_length_um": 2040.740271878059,
    "n_bifurcations": 29,
    "n_tips": 31,
    "max_tree_depth": 6,
    "max_radial_extent_um": 177.7854352541798,
    "sholl": {
      "radii_um": [
        10,
        20,
        30,
        40,
        50,
        60,
        70,
        80,
        90,
        100,
        110,
        120,
        130,
        140,
        150
      ],
      "counts": [
        0,
        0,
        4,
        16,
        32,
        38,
        29,
        14,
        3,
        0,
        0,
        0,
        0,
        0,
        0
      ]
    }
  }
}