{
  "total_length_um": 1843.467463,
  "n_bifurcations": 30,
  "n_tips": 34,
  "max_tree_depth": 7,
  "max_radial_extent_um": 152.491904,
  "sholl": {
    "radii_um": [
      10.0,
      20.0,
      30.0,
      40.0,
      50.0,
      60.0,
      70.0,
      80.0,
      90.0,
      100.0,
      110.0,
      120.0,
      130.0,
      140.0,
      150.0,
      160.0
    ],
    "counts": [
      6,
      14,
      21,
      22,
      17,
      14,
      13,
      6,
      6,
      7,
      2,
      2,
      2,
      2,
      1,
      0
    ]
  }
}