{
  "speed": 0.9465756442447917,
  "persistence": 0.837690137534926,
  "branch_prob": 0.02781307070523959,
  "branch_angle_mean_deg": 11.352963319132321,
  "branch_angle_std_deg": 26.093397781042917,
  "prune_prob": 0.0008926911420075595
}