{
  "total_length_um": 1795.3929916864508,
  "n_bifurcations": 29,
  "n_tips": 31,
  "max_tree_depth": 7,
  "max_radial_extent_um": 161.7782900380133,
  "sholl": {
    "radii_um": [
      10,
      20,
      30,
      40,
      50,
      60,
      70,
      80,
      90,
      100,
      110,
      120,
      130,
      140,
      150
    ],
    "counts": [
      0,
      1,
      9,
      22,
      33,
      32,
      19,
      6,
      0,
      0,
      0,
      0,
      0,
      0,
      0
    ]
  }
}